{"params": {"exploration_rate": 0.6430766430000004, "learning_rate": 0.1, "risk_tolerance": 0.5, "mutation_strength": 0.18}, "mod_count": 9, "W1": [[0.17510160183281537, 0.04001876777206804, 0.09768326115637169, 0.2246996204843526, 0.1869616992866616, -0.09771700536098944, 0.09462472671140004, -0.01657031386161758, -0.0110223995654562, 0.04104707728525092, 0.014383941880240541, 0.14544562874234393, 0.07580726369291317, 0.012244183067369647, 0.044535164516514354, 0.0332291455098859, 0.1494255190931943, -0.018393604863245264, 0.03105658826805964, -0.08842007124261539, -0.2550826654881421, 0.0643575265706695, 0.08722091656442746, -0.07546924192116918, 0.22464697468558997, -0.14548561751355926, 0.0046786806428040645, -0.017857381412125402, 0.15530970635429509, 0.14728758217903296, 0.015275143928927069, 0.03785954045786432], [-0.08920862741341874, -0.1979133143610313, -0.03807007234854518, 0.028344498489965765, 0.1274155611440875, 0.12098251050569035, -0.038388631359574314, -0.06456911460437731, -0.10200952850358042, -0.14274718582272533, -0.17119232421890054, 0.19554985666561842, -0.05803390548334403, -0.03141046580853766, -0.12060889507602915, 0.07381713622731095, -0.160502252355002, -0.019255427037893787, -0.08594189113276735, 0.002202511092208478, -0.0647133056606972, -0.11859609298438258, 0.009445169848906613, 0.05339200517205475, 0.0028402690427267816, 0.03339159679803355, -0.060597048188010344, -0.034792163965905364, -0.06493222482632056, -0.04033705333522808, -0.0765182033379523, -0.17125905773671632], [0.016008141338010703, -0.040160356925786435, -0.16326787922689623, 0.048683880645276775, -0.08895146951022001, 0.005347908057569102, 0.072483499565982, 0.0052165461979913055, 0.11434788825673727, -0.12352128667852658, 0.04006553234452515, -0.06833014361055685, -0.0878232889444316, -0.05636811090059162, -0.030341953819461653, 0.0046986150793403405, -0.11646212010618281, 0.09288042062543868, 0.047298862158762216, -0.15844579683011323, 0.1446523225051984, 0.1895738647651613, 0.11943041786078297, -0.01708705312205555, -0.11097027916897806, 0.10536664754785142, -0.03981928275417742, 0.1233016610053998, 0.023593524029606953, 0.09711185691417655, 0.03664078380289613, 0.07114941871355125], [0.001050002072082048, 0.17858704939058354, 0.012691209270361992, 0.040198936344470165, 0.18831506970562545, -0.13477590611424464, -0.12704849984857336, 0.09693967081580113, -0.117312340511416, 0.19436211856492927, -0.041361898075974735, -0.07474548114407578, 0.19229420264803848, 0.14805147914344244, 0.186755896042657, 0.09060446582753853, -0.08612256850547026, 0.19100649530990338, -0.02680033709513804, 0.08024563957963952, 0.0947251967773748, -0.01550100930908342, 0.061407937034608034, 0.09222066715665268, 0.03764255311556294, -0.10994007905841946, 0.029823817420605598, 0.13263858966870304, -0.06945678597313655, -0.014963454032767077, -0.04351535517216375, 0.1849263728479342], [0.06722947570124355, 0.040746183624111046, -0.07699160744453165, 0.05392491912918173, -0.06743326606573762, 0.0031830558274351184, -0.0635846078378881, 0.06764332949464998, 0.057659081661494097, -0.02082987555779949, 0.03960067126616453, -0.10930615087305058, -0.14912575927056057, 0.043939170126453694, 0.016667349537252903, 0.06350314368921064, 0.23831447748639423, 0.09444794869904138, -0.09128222254441587, 0.1117016288095853, -0.13159074105115212, -0.0461584604814709, -0.006824160532463124, 0.17133427216493669, -0.074475482204844, -0.08264385386590145, -0.00984525244254323, -0.06634782863621073, 0.1126635922106507, -0.10799315083634234, -0.11474686524111025, -0.04378200447444341], [-0.04980324506923049, 0.19295320538169858, 0.09494208069257609, 0.00875512413851909, -0.1225435518830168, 0.08443629764015471, -0.10002153473895647, -0.15447710967776118, 0.11880297923523019, 0.03169426119248497, 0.0920858823780819, 0.03187276529430212, 0.08568306119026912, -0.06510255933001469, -0.10342428417844647, 0.0681594518281627, -0.08034096641738411, -0.06895497777502006, -0.04555325035173432, 0.001747915902505673, -0.035399391125348394, -0.13749512934180189, -0.06436184028328905, -0.22234031522244269, 0.06252314510271875, -0.16020576556067478, -0.11043833394284507, 0.0052165079260974405, -0.07395629963913133, 0.1543014595406736, -0.12928569097234485, 0.026705086934918295], [-0.003928281822749561, -0.11680934977411975, 0.052327666053175376, -0.017154633122224813, 0.07717905512136675, 0.08235041539637315, 0.216323594928069, 0.1336527949436392, -0.03691818379424436, -0.02393791775759264, 0.10996595958871132, 0.06552637307225978, 0.0640131526097592, -0.16169560443108344, -0.0024326124398935636, -0.07380309092056887, 0.027992459904323825, -0.009815038964295794, 0.0910178908092592, 0.03172182151913021, 0.07863279621089762, -0.04664190967359431, -0.09444462559182504, -0.04100496932025485, -0.0017020413861440595, 0.037915173555508185, 0.22593089506908523, -0.00422571516606427, -0.0955945000492777, -0.034598177569938646, -0.04635959746460942, 0.04814814737734622], [-0.15407970144446248, 0.006326199420033172, 0.01565065379653756, 0.023218103620027578, -0.059731606896536275, -0.0237921729736007, -0.14240609089825315, -0.04933198833621941, -0.054286147601671775, 0.041605004626142555, -0.11561824318219127, 0.07811981017099934, 0.14944845444913687, -0.20699850250135327, 0.0426258730778101, 0.06769080350302456, -0.06374370255522291, -0.03972718143287977, -0.013288057758695564, -0.029779087940172835, -0.030901296904712224, -0.16760038063299768, 0.115233156478312, 0.10796185920368212, -0.08133642592042029, -0.1466424327802514, 0.05210648764527586, -0.057578796981306614, 0.014195316332077969, -0.03193284171450952, 0.06915387510701866, 0.06947491436560059], [-0.07255973784635843, -0.13833639553950555, -0.1582938397335082, 0.06103793791072052, -0.1188859257784029, -0.050681635429868754, -0.059631403845050814, -0.005256729626954629, -0.1936279805846507, 0.018877859679382856, 0.052389102383420566, 0.00884220870446614, -0.031088617169847173, 0.009740016626878342, 0.039904634564013025, -0.277259275642665, 0.19559123082506943, 0.03900933226879265, -0.065240858238702, -0.03909533751876011, 0.049374177734918846, -0.011610393903436654, -0.20306844677814945, 0.20644928613593194, -0.011054065723247262, 0.10201727117157998, -0.06920498477843912, 0.15363770542457977, 0.02863436888922796, 0.06088438344754508, -0.10452533661469549, 0.12111452896827009], [0.06898181645347884, 0.13018462295649985, -0.0628087559641579, -0.048102711846078776, 0.2303916697683942, -0.10600158227215473, -0.013594970067832083, 0.11368913626026954, 0.009772496771485562, 0.05829536797532936, -0.03994490292628752, 0.037005588784751874, -0.13065268517353165, 0.16581306796181883, -0.011816404512856976, -0.06801782039968504, 0.06663830820319143, -0.04607197873885533, -0.13342584714027536, -0.13467175057975553, 0.06937731526901325, -0.01595734381462669, -0.013370155966843917, 0.10777438059762628, -0.11268258087567436, -0.07306777528648249, -0.03848798091812755, 0.009435158931707401, -0.004217145129057894, -0.028688719238990763, -0.006162640209564741, -0.01073052762911747]], "W2": [[-0.06595031082939128], [-0.07481812876390603], [0.02926208430863784], [-0.089113015809876], [-0.12101202614756901], [-0.03696705718927928], [-0.007244823743105236], [0.22550394766261642], [-0.06619994108043516], [0.1005921608080458], [0.08102493703096963], [-0.12531891005634135], [0.08033207329523888], [-0.1166557235240151], [-0.25998827233826105], [0.05655366898289905], [-0.16921811107447973], [0.04827731117855008], [-0.06429893676813696], [0.15817112571087144], [0.10288316091986205], [-0.038671626630662835], [-0.06632843458307867], [-0.12067499948090545], [-0.03863633530667705], [-0.028568118646354113], [-0.03298633631260703], [0.0210306928057767], [0.06133965890498342], [0.04349337532435546], [-0.07272859402710724], [-0.13755367893915804]], "strategies": [{"params": {"exploration_rate": 0.48315300000000017, "learning_rate": 0.1, "risk_tolerance": 0.5, "mutation_strength": 0.15},